Group Name,Group Purpose,Keyword
Core Water and Sanitation Terms,"Broad searching across all tender portals for water, sanitation, and wastewater opportunities.",water
Core Water and Sanitation Terms,"Broad searching across all tender portals for water, sanitation, and wastewater opportunities.",potable water
Core Water and Sanitation Terms,"Broad searching across all tender portals for water, sanitation, and wastewater opportunities.",drinking water
Core Water and Sanitation Terms,"Broad searching across all tender portals for water, sanitation, and wastewater opportunities.",water supply
Core Water and Sanitation Terms,"Broad searching across all tender portals for water, sanitation, and wastewater opportunities.",bulk water
Core Water and Sanitation Terms,"Broad searching across all tender portals for water, sanitation, and wastewater opportunities.",raw water
Core Water and Sanitation Terms,"Broad searching across all tender portals for water, sanitation, and wastewater opportunities.",water distribution
Core Water and Sanitation Terms,"Broad searching across all tender portals for water, sanitation, and wastewater opportunities.",reticulation
Core Water and Sanitation Terms,"Broad searching across all tender portals for water, sanitation, and wastewater opportunities.",water services
Core Water and Sanitation Terms,"Broad searching across all tender portals for water, sanitation, and wastewater opportunities.",water infrastructure
Core Water and Sanitation Terms,"Broad searching across all tender portals for water, sanitation, and wastewater opportunities.",municipal water
Core Water and Sanitation Terms,"Broad searching across all tender portals for water, sanitation, and wastewater opportunities.",water utility
Core Water and Sanitation Terms,"Broad searching across all tender portals for water, sanitation, and wastewater opportunities.",sanitation
Core Water and Sanitation Terms,"Broad searching across all tender portals for water, sanitation, and wastewater opportunities.",public sanitation
Core Water and Sanitation Terms,"Broad searching across all tender portals for water, sanitation, and wastewater opportunities.",sanitation services
Core Water and Sanitation Terms,"Broad searching across all tender portals for water, sanitation, and wastewater opportunities.",water and sanitation
Core Water and Sanitation Terms,"Broad searching across all tender portals for water, sanitation, and wastewater opportunities.",water and sewer
Core Water and Sanitation Terms,"Broad searching across all tender portals for water, sanitation, and wastewater opportunities.",WASH
Core Water and Sanitation Terms,"Broad searching across all tender portals for water, sanitation, and wastewater opportunities.",rural water supply
Core Water and Sanitation Terms,"Broad searching across all tender portals for water, sanitation, and wastewater opportunities.",urban water supply
Core Water and Sanitation Terms,"Broad searching across all tender portals for water, sanitation, and wastewater opportunities.",onsite sanitation
Core Water and Sanitation Terms,"Broad searching across all tender portals for water, sanitation, and wastewater opportunities.",offsite sanitation
Core Water and Sanitation Terms,"Broad searching across all tender portals for water, sanitation, and wastewater opportunities.",sewer
Core Water and Sanitation Terms,"Broad searching across all tender portals for water, sanitation, and wastewater opportunities.",sewerage
Core Water and Sanitation Terms,"Broad searching across all tender portals for water, sanitation, and wastewater opportunities.",wastewater
Core Water and Sanitation Terms,"Broad searching across all tender portals for water, sanitation, and wastewater opportunities.",waste water
Core Water and Sanitation Terms,"Broad searching across all tender portals for water, sanitation, and wastewater opportunities.",sewage
Core Water and Sanitation Terms,"Broad searching across all tender portals for water, sanitation, and wastewater opportunities.",effluent
Core Water and Sanitation Terms,"Broad searching across all tender portals for water, sanitation, and wastewater opportunities.",sludge
Core Water and Sanitation Terms,"Broad searching across all tender portals for water, sanitation, and wastewater opportunities.",septage
Core Water and Sanitation Terms,"Broad searching across all tender portals for water, sanitation, and wastewater opportunities.",fecal sludge
Core Water and Sanitation Terms,"Broad searching across all tender portals for water, sanitation, and wastewater opportunities.",faecal sludge
Core Water and Sanitation Terms,"Broad searching across all tender portals for water, sanitation, and wastewater opportunities.",water reuse
Core Water and Sanitation Terms,"Broad searching across all tender portals for water, sanitation, and wastewater opportunities.",wastewater reuse
Core Water and Sanitation Terms,"Broad searching across all tender portals for water, sanitation, and wastewater opportunities.",recycled water
Core Water and Sanitation Terms,"Broad searching across all tender portals for water, sanitation, and wastewater opportunities.",non-potable water
Advisory and Consulting Terms,"Consulting, advisory, professional-services, and technical-assistance work.",consultancy
Advisory and Consulting Terms,"Consulting, advisory, professional-services, and technical-assistance work.",consulting services
Advisory and Consulting Terms,"Consulting, advisory, professional-services, and technical-assistance work.",consultancy services
Advisory and Consulting Terms,"Consulting, advisory, professional-services, and technical-assistance work.",advisory services
Advisory and Consulting Terms,"Consulting, advisory, professional-services, and technical-assistance work.",technical advisory
Advisory and Consulting Terms,"Consulting, advisory, professional-services, and technical-assistance work.",transaction advisory
Advisory and Consulting Terms,"Consulting, advisory, professional-services, and technical-assistance work.",professional services
Advisory and Consulting Terms,"Consulting, advisory, professional-services, and technical-assistance work.",professional service provider
Advisory and Consulting Terms,"Consulting, advisory, professional-services, and technical-assistance work.",PSP
Advisory and Consulting Terms,"Consulting, advisory, professional-services, and technical-assistance work.",consulting engineer
Advisory and Consulting Terms,"Consulting, advisory, professional-services, and technical-assistance work.",engineering consultant
Advisory and Consulting Terms,"Consulting, advisory, professional-services, and technical-assistance work.",engineering consulting firm
Advisory and Consulting Terms,"Consulting, advisory, professional-services, and technical-assistance work.",specialist consultant
Advisory and Consulting Terms,"Consulting, advisory, professional-services, and technical-assistance work.",technical assistance
Advisory and Consulting Terms,"Consulting, advisory, professional-services, and technical-assistance work.",TA
Advisory and Consulting Terms,"Consulting, advisory, professional-services, and technical-assistance work.",owner’s engineer
Advisory and Consulting Terms,"Consulting, advisory, professional-services, and technical-assistance work.",implementation support
Advisory and Consulting Terms,"Consulting, advisory, professional-services, and technical-assistance work.",programme support
Advisory and Consulting Terms,"Consulting, advisory, professional-services, and technical-assistance work.",program support
Advisory and Consulting Terms,"Consulting, advisory, professional-services, and technical-assistance work.",institutional support
Advisory and Consulting Terms,"Consulting, advisory, professional-services, and technical-assistance work.",project management support
Advisory and Consulting Terms,"Consulting, advisory, professional-services, and technical-assistance work.",PMU support
Advisory and Consulting Terms,"Consulting, advisory, professional-services, and technical-assistance work.",capacity development
Advisory and Consulting Terms,"Consulting, advisory, professional-services, and technical-assistance work.",capacity building
Advisory and Consulting Terms,"Consulting, advisory, professional-services, and technical-assistance work.",strategic support
Advisory and Consulting Terms,"Consulting, advisory, professional-services, and technical-assistance work.",policy support
Advisory and Consulting Terms,"Consulting, advisory, professional-services, and technical-assistance work.",sector planning consultant
Advisory and Consulting Terms,"Consulting, advisory, professional-services, and technical-assistance work.",strategic planning consultant
Advisory and Consulting Terms,"Consulting, advisory, professional-services, and technical-assistance work.",review consultant
Advisory and Consulting Terms,"Consulting, advisory, professional-services, and technical-assistance work.",independent consultant
Advisory and Consulting Terms,"Consulting, advisory, professional-services, and technical-assistance work.",expert services
"Planning, Strategy, and Master Planning","Long-term planning, infrastructure plans, strategy, investment planning, and feasibility work.",master plan
"Planning, Strategy, and Master Planning","Long-term planning, infrastructure plans, strategy, investment planning, and feasibility work.",masterplanning
"Planning, Strategy, and Master Planning","Long-term planning, infrastructure plans, strategy, investment planning, and feasibility work.",master planning
"Planning, Strategy, and Master Planning","Long-term planning, infrastructure plans, strategy, investment planning, and feasibility work.",water master plan
"Planning, Strategy, and Master Planning","Long-term planning, infrastructure plans, strategy, investment planning, and feasibility work.",sewer master plan
"Planning, Strategy, and Master Planning","Long-term planning, infrastructure plans, strategy, investment planning, and feasibility work.",sanitation master plan
"Planning, Strategy, and Master Planning","Long-term planning, infrastructure plans, strategy, investment planning, and feasibility work.",water and sewer master plan
"Planning, Strategy, and Master Planning","Long-term planning, infrastructure plans, strategy, investment planning, and feasibility work.",water services master plan
"Planning, Strategy, and Master Planning","Long-term planning, infrastructure plans, strategy, investment planning, and feasibility work.",WSMP
"Planning, Strategy, and Master Planning","Long-term planning, infrastructure plans, strategy, investment planning, and feasibility work.",water services development plan
"Planning, Strategy, and Master Planning","Long-term planning, infrastructure plans, strategy, investment planning, and feasibility work.",WSDP
"Planning, Strategy, and Master Planning","Long-term planning, infrastructure plans, strategy, investment planning, and feasibility work.",investment plan
"Planning, Strategy, and Master Planning","Long-term planning, infrastructure plans, strategy, investment planning, and feasibility work.",capital investment plan
"Planning, Strategy, and Master Planning","Long-term planning, infrastructure plans, strategy, investment planning, and feasibility work.",infrastructure plan
"Planning, Strategy, and Master Planning","Long-term planning, infrastructure plans, strategy, investment planning, and feasibility work.",infrastructure investment framework
"Planning, Strategy, and Master Planning","Long-term planning, infrastructure plans, strategy, investment planning, and feasibility work.",sector strategy
"Planning, Strategy, and Master Planning","Long-term planning, infrastructure plans, strategy, investment planning, and feasibility work.",strategic plan
"Planning, Strategy, and Master Planning","Long-term planning, infrastructure plans, strategy, investment planning, and feasibility work.",development plan
"Planning, Strategy, and Master Planning","Long-term planning, infrastructure plans, strategy, investment planning, and feasibility work.",municipal services plan
"Planning, Strategy, and Master Planning","Long-term planning, infrastructure plans, strategy, investment planning, and feasibility work.",service delivery plan
"Planning, Strategy, and Master Planning","Long-term planning, infrastructure plans, strategy, investment planning, and feasibility work.",asset management plan
"Planning, Strategy, and Master Planning","Long-term planning, infrastructure plans, strategy, investment planning, and feasibility work.",maintenance plan
"Planning, Strategy, and Master Planning","Long-term planning, infrastructure plans, strategy, investment planning, and feasibility work.",rehabilitation plan
"Planning, Strategy, and Master Planning","Long-term planning, infrastructure plans, strategy, investment planning, and feasibility work.",turnaround strategy
"Planning, Strategy, and Master Planning","Long-term planning, infrastructure plans, strategy, investment planning, and feasibility work.",roadmap
"Planning, Strategy, and Master Planning","Long-term planning, infrastructure plans, strategy, investment planning, and feasibility work.",action plan
"Planning, Strategy, and Master Planning","Long-term planning, infrastructure plans, strategy, investment planning, and feasibility work.",prioritisation framework
"Planning, Strategy, and Master Planning","Long-term planning, infrastructure plans, strategy, investment planning, and feasibility work.",prioritization framework
"Planning, Strategy, and Master Planning","Long-term planning, infrastructure plans, strategy, investment planning, and feasibility work.",project pipeline
"Planning, Strategy, and Master Planning","Long-term planning, infrastructure plans, strategy, investment planning, and feasibility work.",pipeline development
"Planning, Strategy, and Master Planning","Long-term planning, infrastructure plans, strategy, investment planning, and feasibility work.",bankable projects
"Planning, Strategy, and Master Planning","Long-term planning, infrastructure plans, strategy, investment planning, and feasibility work.",prefeasibility
"Planning, Strategy, and Master Planning","Long-term planning, infrastructure plans, strategy, investment planning, and feasibility work.",pre-feasibility
"Planning, Strategy, and Master Planning","Long-term planning, infrastructure plans, strategy, investment planning, and feasibility work.",feasibility study
"Planning, Strategy, and Master Planning","Long-term planning, infrastructure plans, strategy, investment planning, and feasibility work.",diagnostic study
"Planning, Strategy, and Master Planning","Long-term planning, infrastructure plans, strategy, investment planning, and feasibility work.",scoping study
"Planning, Strategy, and Master Planning","Long-term planning, infrastructure plans, strategy, investment planning, and feasibility work.",options analysis
"Planning, Strategy, and Master Planning","Long-term planning, infrastructure plans, strategy, investment planning, and feasibility work.",business case
"Planning, Strategy, and Master Planning","Long-term planning, infrastructure plans, strategy, investment planning, and feasibility work.",concept design report
"Engineering, Design, and Supervision","Technical design, documentation, specifications, BoQs, and supervision assignments.",detailed design
"Engineering, Design, and Supervision","Technical design, documentation, specifications, BoQs, and supervision assignments.",preliminary design
"Engineering, Design, and Supervision","Technical design, documentation, specifications, BoQs, and supervision assignments.",concept design
"Engineering, Design, and Supervision","Technical design, documentation, specifications, BoQs, and supervision assignments.",design review
"Engineering, Design, and Supervision","Technical design, documentation, specifications, BoQs, and supervision assignments.",design update
"Engineering, Design, and Supervision","Technical design, documentation, specifications, BoQs, and supervision assignments.",engineering design
"Engineering, Design, and Supervision","Technical design, documentation, specifications, BoQs, and supervision assignments.",engineering surveys
"Engineering, Design, and Supervision","Technical design, documentation, specifications, BoQs, and supervision assignments.",topographical survey
"Engineering, Design, and Supervision","Technical design, documentation, specifications, BoQs, and supervision assignments.",condition assessment
"Engineering, Design, and Supervision","Technical design, documentation, specifications, BoQs, and supervision assignments.",technical assessment
"Engineering, Design, and Supervision","Technical design, documentation, specifications, BoQs, and supervision assignments.",rapid technical assessment
"Engineering, Design, and Supervision","Technical design, documentation, specifications, BoQs, and supervision assignments.",technical specifications
"Engineering, Design, and Supervision","Technical design, documentation, specifications, BoQs, and supervision assignments.",specifications
"Engineering, Design, and Supervision","Technical design, documentation, specifications, BoQs, and supervision assignments.",drawings
"Engineering, Design, and Supervision","Technical design, documentation, specifications, BoQs, and supervision assignments.",bills of quantities
"Engineering, Design, and Supervision","Technical design, documentation, specifications, BoQs, and supervision assignments.",bill of quantities
"Engineering, Design, and Supervision","Technical design, documentation, specifications, BoQs, and supervision assignments.",BoQ
"Engineering, Design, and Supervision","Technical design, documentation, specifications, BoQs, and supervision assignments.",tender documents
"Engineering, Design, and Supervision","Technical design, documentation, specifications, BoQs, and supervision assignments.",bid documents
"Engineering, Design, and Supervision","Technical design, documentation, specifications, BoQs, and supervision assignments.",procurement documents
"Engineering, Design, and Supervision","Technical design, documentation, specifications, BoQs, and supervision assignments.",preparation of tender documents
"Engineering, Design, and Supervision","Technical design, documentation, specifications, BoQs, and supervision assignments.",tender dossier
"Engineering, Design, and Supervision","Technical design, documentation, specifications, BoQs, and supervision assignments.",construction supervision
"Engineering, Design, and Supervision","Technical design, documentation, specifications, BoQs, and supervision assignments.",supervision services
"Engineering, Design, and Supervision","Technical design, documentation, specifications, BoQs, and supervision assignments.",resident engineer
"Engineering, Design, and Supervision","Technical design, documentation, specifications, BoQs, and supervision assignments.",contract administration
"Engineering, Design, and Supervision","Technical design, documentation, specifications, BoQs, and supervision assignments.",commissioning
"Engineering, Design, and Supervision","Technical design, documentation, specifications, BoQs, and supervision assignments.",O&M manual
"Engineering, Design, and Supervision","Technical design, documentation, specifications, BoQs, and supervision assignments.",operation and maintenance manual
"Engineering, Design, and Supervision","Technical design, documentation, specifications, BoQs, and supervision assignments.",life cycle costing
"Engineering, Design, and Supervision","Technical design, documentation, specifications, BoQs, and supervision assignments.",lifecycle costing
"Engineering, Design, and Supervision","Technical design, documentation, specifications, BoQs, and supervision assignments.",cost estimate
"Engineering, Design, and Supervision","Technical design, documentation, specifications, BoQs, and supervision assignments.",costing model
"Engineering, Design, and Supervision","Technical design, documentation, specifications, BoQs, and supervision assignments.",value engineering
Water Resources and Source Development,"Source development, abstraction, groundwater, hydrology, and bulk-water system work.",water resources
Water Resources and Source Development,"Source development, abstraction, groundwater, hydrology, and bulk-water system work.",water resources management
Water Resources and Source Development,"Source development, abstraction, groundwater, hydrology, and bulk-water system work.",integrated water resources management
Water Resources and Source Development,"Source development, abstraction, groundwater, hydrology, and bulk-water system work.",IWRM
Water Resources and Source Development,"Source development, abstraction, groundwater, hydrology, and bulk-water system work.",catchment management
Water Resources and Source Development,"Source development, abstraction, groundwater, hydrology, and bulk-water system work.",basin management
Water Resources and Source Development,"Source development, abstraction, groundwater, hydrology, and bulk-water system work.",source development
Water Resources and Source Development,"Source development, abstraction, groundwater, hydrology, and bulk-water system work.",source protection
Water Resources and Source Development,"Source development, abstraction, groundwater, hydrology, and bulk-water system work.",source sustainability
Water Resources and Source Development,"Source development, abstraction, groundwater, hydrology, and bulk-water system work.",abstraction
Water Resources and Source Development,"Source development, abstraction, groundwater, hydrology, and bulk-water system work.",water abstraction
Water Resources and Source Development,"Source development, abstraction, groundwater, hydrology, and bulk-water system work.",groundwater
Water Resources and Source Development,"Source development, abstraction, groundwater, hydrology, and bulk-water system work.",ground water
Water Resources and Source Development,"Source development, abstraction, groundwater, hydrology, and bulk-water system work.",borehole
Water Resources and Source Development,"Source development, abstraction, groundwater, hydrology, and bulk-water system work.",drilling
Water Resources and Source Development,"Source development, abstraction, groundwater, hydrology, and bulk-water system work.",hydrogeological investigation
Water Resources and Source Development,"Source development, abstraction, groundwater, hydrology, and bulk-water system work.",hydro-geological investigation
Water Resources and Source Development,"Source development, abstraction, groundwater, hydrology, and bulk-water system work.",hydrological analysis
Water Resources and Source Development,"Source development, abstraction, groundwater, hydrology, and bulk-water system work.",geophysical studies
Water Resources and Source Development,"Source development, abstraction, groundwater, hydrology, and bulk-water system work.",aquifer
Water Resources and Source Development,"Source development, abstraction, groundwater, hydrology, and bulk-water system work.",recharge
Water Resources and Source Development,"Source development, abstraction, groundwater, hydrology, and bulk-water system work.",reservoir
Water Resources and Source Development,"Source development, abstraction, groundwater, hydrology, and bulk-water system work.",dam
Water Resources and Source Development,"Source development, abstraction, groundwater, hydrology, and bulk-water system work.",weir
Water Resources and Source Development,"Source development, abstraction, groundwater, hydrology, and bulk-water system work.",intake
Water Resources and Source Development,"Source development, abstraction, groundwater, hydrology, and bulk-water system work.",pumping station
Water Resources and Source Development,"Source development, abstraction, groundwater, hydrology, and bulk-water system work.",rising main
Water Resources and Source Development,"Source development, abstraction, groundwater, hydrology, and bulk-water system work.",transmission main
Water Resources and Source Development,"Source development, abstraction, groundwater, hydrology, and bulk-water system work.",storage reservoir
Water Resources and Source Development,"Source development, abstraction, groundwater, hydrology, and bulk-water system work.",service reservoir
Water Resources and Source Development,"Source development, abstraction, groundwater, hydrology, and bulk-water system work.",water balance
Water Resources and Source Development,"Source development, abstraction, groundwater, hydrology, and bulk-water system work.",decision support system
Water Resources and Source Development,"Source development, abstraction, groundwater, hydrology, and bulk-water system work.",water resource decision support system
"Wastewater, Sewerage, and Treatment","Wastewater treatment, sewer networks, sludge, effluent, and reuse opportunities.",wastewater treatment plant
"Wastewater, Sewerage, and Treatment","Wastewater treatment, sewer networks, sludge, effluent, and reuse opportunities.",waste water treatment plant
"Wastewater, Sewerage, and Treatment","Wastewater treatment, sewer networks, sludge, effluent, and reuse opportunities.",WWTW
"Wastewater, Sewerage, and Treatment","Wastewater treatment, sewer networks, sludge, effluent, and reuse opportunities.",WWTP
"Wastewater, Sewerage, and Treatment","Wastewater treatment, sewer networks, sludge, effluent, and reuse opportunities.",sewage treatment plant
"Wastewater, Sewerage, and Treatment","Wastewater treatment, sewer networks, sludge, effluent, and reuse opportunities.",treatment works
"Wastewater, Sewerage, and Treatment","Wastewater treatment, sewer networks, sludge, effluent, and reuse opportunities.",wastewater refurbishment
"Wastewater, Sewerage, and Treatment","Wastewater treatment, sewer networks, sludge, effluent, and reuse opportunities.",wastewater upgrade
"Wastewater, Sewerage, and Treatment","Wastewater treatment, sewer networks, sludge, effluent, and reuse opportunities.",sewer pump station
"Wastewater, Sewerage, and Treatment","Wastewater treatment, sewer networks, sludge, effluent, and reuse opportunities.",pump station
"Wastewater, Sewerage, and Treatment","Wastewater treatment, sewer networks, sludge, effluent, and reuse opportunities.",sewer outfall
"Wastewater, Sewerage, and Treatment","Wastewater treatment, sewer networks, sludge, effluent, and reuse opportunities.",trunk sewer
"Wastewater, Sewerage, and Treatment","Wastewater treatment, sewer networks, sludge, effluent, and reuse opportunities.",sewer network
"Wastewater, Sewerage, and Treatment","Wastewater treatment, sewer networks, sludge, effluent, and reuse opportunities.",sewer line
"Wastewater, Sewerage, and Treatment","Wastewater treatment, sewer networks, sludge, effluent, and reuse opportunities.",sewer reticulation
"Wastewater, Sewerage, and Treatment","Wastewater treatment, sewer networks, sludge, effluent, and reuse opportunities.",sewer rehabilitation
"Wastewater, Sewerage, and Treatment","Wastewater treatment, sewer networks, sludge, effluent, and reuse opportunities.",sewer upgrade
"Wastewater, Sewerage, and Treatment","Wastewater treatment, sewer networks, sludge, effluent, and reuse opportunities.",effluent management
"Wastewater, Sewerage, and Treatment","Wastewater treatment, sewer networks, sludge, effluent, and reuse opportunities.",sludge management
"Wastewater, Sewerage, and Treatment","Wastewater treatment, sewer networks, sludge, effluent, and reuse opportunities.",sludge treatment
"Wastewater, Sewerage, and Treatment","Wastewater treatment, sewer networks, sludge, effluent, and reuse opportunities.",sludge disposal
"Wastewater, Sewerage, and Treatment","Wastewater treatment, sewer networks, sludge, effluent, and reuse opportunities.",fecal sludge management
"Wastewater, Sewerage, and Treatment","Wastewater treatment, sewer networks, sludge, effluent, and reuse opportunities.",faecal sludge management
"Wastewater, Sewerage, and Treatment","Wastewater treatment, sewer networks, sludge, effluent, and reuse opportunities.",FSM
"Wastewater, Sewerage, and Treatment","Wastewater treatment, sewer networks, sludge, effluent, and reuse opportunities.",septage management
"Wastewater, Sewerage, and Treatment","Wastewater treatment, sewer networks, sludge, effluent, and reuse opportunities.",industrial effluent
"Wastewater, Sewerage, and Treatment","Wastewater treatment, sewer networks, sludge, effluent, and reuse opportunities.",discharge quality
"Wastewater, Sewerage, and Treatment","Wastewater treatment, sewer networks, sludge, effluent, and reuse opportunities.",water quality
"Wastewater, Sewerage, and Treatment","Wastewater treatment, sewer networks, sludge, effluent, and reuse opportunities.",wastewater quality
"Wastewater, Sewerage, and Treatment","Wastewater treatment, sewer networks, sludge, effluent, and reuse opportunities.",pollution control
"Wastewater, Sewerage, and Treatment","Wastewater treatment, sewer networks, sludge, effluent, and reuse opportunities.",pollution survey
"Wastewater, Sewerage, and Treatment","Wastewater treatment, sewer networks, sludge, effluent, and reuse opportunities.",sanitation system
"Wastewater, Sewerage, and Treatment","Wastewater treatment, sewer networks, sludge, effluent, and reuse opportunities.",ecological sanitation
"Wastewater, Sewerage, and Treatment","Wastewater treatment, sewer networks, sludge, effluent, and reuse opportunities.",eco-san
"Wastewater, Sewerage, and Treatment","Wastewater treatment, sewer networks, sludge, effluent, and reuse opportunities.",public sanitation facilities
"Wastewater, Sewerage, and Treatment","Wastewater treatment, sewer networks, sludge, effluent, and reuse opportunities.",water reclamation
"Wastewater, Sewerage, and Treatment","Wastewater treatment, sewer networks, sludge, effluent, and reuse opportunities.",wastewater reuse
"Utility Operations, NRW, and Asset Management","Operational improvement, NRW, telemetry, metering, and asset-management assignments.",non-revenue water
"Utility Operations, NRW, and Asset Management","Operational improvement, NRW, telemetry, metering, and asset-management assignments.",non revenue water
"Utility Operations, NRW, and Asset Management","Operational improvement, NRW, telemetry, metering, and asset-management assignments.",NRW
"Utility Operations, NRW, and Asset Management","Operational improvement, NRW, telemetry, metering, and asset-management assignments.",water losses
"Utility Operations, NRW, and Asset Management","Operational improvement, NRW, telemetry, metering, and asset-management assignments.",leak detection
"Utility Operations, NRW, and Asset Management","Operational improvement, NRW, telemetry, metering, and asset-management assignments.",pressure management
"Utility Operations, NRW, and Asset Management","Operational improvement, NRW, telemetry, metering, and asset-management assignments.",district metered areas
"Utility Operations, NRW, and Asset Management","Operational improvement, NRW, telemetry, metering, and asset-management assignments.",DMA
"Utility Operations, NRW, and Asset Management","Operational improvement, NRW, telemetry, metering, and asset-management assignments.",telemetry
"Utility Operations, NRW, and Asset Management","Operational improvement, NRW, telemetry, metering, and asset-management assignments.",SCADA
"Utility Operations, NRW, and Asset Management","Operational improvement, NRW, telemetry, metering, and asset-management assignments.",metering
"Utility Operations, NRW, and Asset Management","Operational improvement, NRW, telemetry, metering, and asset-management assignments.",bulk metering
"Utility Operations, NRW, and Asset Management","Operational improvement, NRW, telemetry, metering, and asset-management assignments.",smart metering
"Utility Operations, NRW, and Asset Management","Operational improvement, NRW, telemetry, metering, and asset-management assignments.",asset register
"Utility Operations, NRW, and Asset Management","Operational improvement, NRW, telemetry, metering, and asset-management assignments.",asset management
"Utility Operations, NRW, and Asset Management","Operational improvement, NRW, telemetry, metering, and asset-management assignments.",maintenance planning
"Utility Operations, NRW, and Asset Management","Operational improvement, NRW, telemetry, metering, and asset-management assignments.",rehabilitation planning
"Utility Operations, NRW, and Asset Management","Operational improvement, NRW, telemetry, metering, and asset-management assignments.",refurbishment
"Utility Operations, NRW, and Asset Management","Operational improvement, NRW, telemetry, metering, and asset-management assignments.",renewal planning
"Utility Operations, NRW, and Asset Management","Operational improvement, NRW, telemetry, metering, and asset-management assignments.",operation and maintenance
"Utility Operations, NRW, and Asset Management","Operational improvement, NRW, telemetry, metering, and asset-management assignments.",O&M
"Utility Operations, NRW, and Asset Management","Operational improvement, NRW, telemetry, metering, and asset-management assignments.",utility performance
"Utility Operations, NRW, and Asset Management","Operational improvement, NRW, telemetry, metering, and asset-management assignments.",performance audit
"Utility Operations, NRW, and Asset Management","Operational improvement, NRW, telemetry, metering, and asset-management assignments.",service efficiency
"Utility Operations, NRW, and Asset Management","Operational improvement, NRW, telemetry, metering, and asset-management assignments.",revenue enhancement
"Utility Operations, NRW, and Asset Management","Operational improvement, NRW, telemetry, metering, and asset-management assignments.",billing improvement
"Utility Operations, NRW, and Asset Management","Operational improvement, NRW, telemetry, metering, and asset-management assignments.",collections improvement
"Utility Operations, NRW, and Asset Management","Operational improvement, NRW, telemetry, metering, and asset-management assignments.",utility strengthening
"Utility Operations, NRW, and Asset Management","Operational improvement, NRW, telemetry, metering, and asset-management assignments.",institutional strengthening
"Environmental, Social, and Compliance","Environmental, social, safeguards, licensing, audit, and compliance-related work.",environmental impact assessment
"Environmental, Social, and Compliance","Environmental, social, safeguards, licensing, audit, and compliance-related work.",EIA
"Environmental, Social, and Compliance","Environmental, social, safeguards, licensing, audit, and compliance-related work.",environmental and social impact assessment
"Environmental, Social, and Compliance","Environmental, social, safeguards, licensing, audit, and compliance-related work.",ESIA
"Environmental, Social, and Compliance","Environmental, social, safeguards, licensing, audit, and compliance-related work.",rapid environmental assessment
"Environmental, Social, and Compliance","Environmental, social, safeguards, licensing, audit, and compliance-related work.",environmental audit
"Environmental, Social, and Compliance","Environmental, social, safeguards, licensing, audit, and compliance-related work.",environmental and social audit
"Environmental, Social, and Compliance","Environmental, social, safeguards, licensing, audit, and compliance-related work.",performance audit
"Environmental, Social, and Compliance","Environmental, social, safeguards, licensing, audit, and compliance-related work.",resettlement action plan
"Environmental, Social, and Compliance","Environmental, social, safeguards, licensing, audit, and compliance-related work.",RAP
"Environmental, Social, and Compliance","Environmental, social, safeguards, licensing, audit, and compliance-related work.",safeguards
"Environmental, Social, and Compliance","Environmental, social, safeguards, licensing, audit, and compliance-related work.",environmental safeguards
"Environmental, Social, and Compliance","Environmental, social, safeguards, licensing, audit, and compliance-related work.",social safeguards
"Environmental, Social, and Compliance","Environmental, social, safeguards, licensing, audit, and compliance-related work.",compliance audit
"Environmental, Social, and Compliance","Environmental, social, safeguards, licensing, audit, and compliance-related work.",permitting
"Environmental, Social, and Compliance","Environmental, social, safeguards, licensing, audit, and compliance-related work.",licensing
"Environmental, Social, and Compliance","Environmental, social, safeguards, licensing, audit, and compliance-related work.",water use licence
"Environmental, Social, and Compliance","Environmental, social, safeguards, licensing, audit, and compliance-related work.",water use license
"Environmental, Social, and Compliance","Environmental, social, safeguards, licensing, audit, and compliance-related work.",water use licence application
"Environmental, Social, and Compliance","Environmental, social, safeguards, licensing, audit, and compliance-related work.",water use license application
"Environmental, Social, and Compliance","Environmental, social, safeguards, licensing, audit, and compliance-related work.",WULA
"Environmental, Social, and Compliance","Environmental, social, safeguards, licensing, audit, and compliance-related work.",source protection plan
"Environmental, Social, and Compliance","Environmental, social, safeguards, licensing, audit, and compliance-related work.",catchment protection
"Environmental, Social, and Compliance","Environmental, social, safeguards, licensing, audit, and compliance-related work.",mitigation measures
"Environmental, Social, and Compliance","Environmental, social, safeguards, licensing, audit, and compliance-related work.",climate resilience
"Environmental, Social, and Compliance","Environmental, social, safeguards, licensing, audit, and compliance-related work.",climate adaptation
"Environmental, Social, and Compliance","Environmental, social, safeguards, licensing, audit, and compliance-related work.",green infrastructure
"Environmental, Social, and Compliance","Environmental, social, safeguards, licensing, audit, and compliance-related work.",nature-based solutions
"Environmental, Social, and Compliance","Environmental, social, safeguards, licensing, audit, and compliance-related work.",nature based solutions
"Community, Institutional, and WASH Programme Terms","Social, institutional, training, stakeholder, and WASH programme support work.",stakeholder engagement
"Community, Institutional, and WASH Programme Terms","Social, institutional, training, stakeholder, and WASH programme support work.",community mobilisation
"Community, Institutional, and WASH Programme Terms","Social, institutional, training, stakeholder, and WASH programme support work.",community mobilization
"Community, Institutional, and WASH Programme Terms","Social, institutional, training, stakeholder, and WASH programme support work.",hygiene promotion
"Community, Institutional, and WASH Programme Terms","Social, institutional, training, stakeholder, and WASH programme support work.",sanitation and hygiene promotion
"Community, Institutional, and WASH Programme Terms","Social, institutional, training, stakeholder, and WASH programme support work.",behaviour change
"Community, Institutional, and WASH Programme Terms","Social, institutional, training, stakeholder, and WASH programme support work.",behavior change
"Community, Institutional, and WASH Programme Terms","Social, institutional, training, stakeholder, and WASH programme support work.",IEC
"Community, Institutional, and WASH Programme Terms","Social, institutional, training, stakeholder, and WASH programme support work.",social mobilisation
"Community, Institutional, and WASH Programme Terms","Social, institutional, training, stakeholder, and WASH programme support work.",social mobilization
"Community, Institutional, and WASH Programme Terms","Social, institutional, training, stakeholder, and WASH programme support work.",public participation
"Community, Institutional, and WASH Programme Terms","Social, institutional, training, stakeholder, and WASH programme support work.",beneficiary survey
"Community, Institutional, and WASH Programme Terms","Social, institutional, training, stakeholder, and WASH programme support work.",baseline survey
"Community, Institutional, and WASH Programme Terms","Social, institutional, training, stakeholder, and WASH programme support work.",baseline assessment
"Community, Institutional, and WASH Programme Terms","Social, institutional, training, stakeholder, and WASH programme support work.",socio-economic survey
"Community, Institutional, and WASH Programme Terms","Social, institutional, training, stakeholder, and WASH programme support work.",socio economic survey
"Community, Institutional, and WASH Programme Terms","Social, institutional, training, stakeholder, and WASH programme support work.",gender assessment
"Community, Institutional, and WASH Programme Terms","Social, institutional, training, stakeholder, and WASH programme support work.",inclusion
"Community, Institutional, and WASH Programme Terms","Social, institutional, training, stakeholder, and WASH programme support work.",social assessment
"Community, Institutional, and WASH Programme Terms","Social, institutional, training, stakeholder, and WASH programme support work.",institutional assessment
"Community, Institutional, and WASH Programme Terms","Social, institutional, training, stakeholder, and WASH programme support work.",capacity assessment
"Community, Institutional, and WASH Programme Terms","Social, institutional, training, stakeholder, and WASH programme support work.",training
"Community, Institutional, and WASH Programme Terms","Social, institutional, training, stakeholder, and WASH programme support work.",awareness campaign
"Community, Institutional, and WASH Programme Terms","Social, institutional, training, stakeholder, and WASH programme support work.",M&E
"Community, Institutional, and WASH Programme Terms","Social, institutional, training, stakeholder, and WASH programme support work.",monitoring and evaluation
"Community, Institutional, and WASH Programme Terms","Social, institutional, training, stakeholder, and WASH programme support work.",implementation monitoring
"Community, Institutional, and WASH Programme Terms","Social, institutional, training, stakeholder, and WASH programme support work.",programme evaluation
"Community, Institutional, and WASH Programme Terms","Social, institutional, training, stakeholder, and WASH programme support work.",program evaluation
"Community, Institutional, and WASH Programme Terms","Social, institutional, training, stakeholder, and WASH programme support work.",documentation of impact
"Community, Institutional, and WASH Programme Terms","Social, institutional, training, stakeholder, and WASH programme support work.",field support
"Community, Institutional, and WASH Programme Terms","Social, institutional, training, stakeholder, and WASH programme support work.",WASH programme
"Community, Institutional, and WASH Programme Terms","Social, institutional, training, stakeholder, and WASH programme support work.",WASH program
"Community, Institutional, and WASH Programme Terms","Social, institutional, training, stakeholder, and WASH programme support work.",community water supply
"Community, Institutional, and WASH Programme Terms","Social, institutional, training, stakeholder, and WASH programme support work.",sanitation marketing
Solid Waste and Adjacent Municipal Environment Terms,"Related solid-waste, drainage, and municipal-environment terms that may overlap with water/sanitation advisory work.",solid waste
Solid Waste and Adjacent Municipal Environment Terms,"Related solid-waste, drainage, and municipal-environment terms that may overlap with water/sanitation advisory work.",waste management
Solid Waste and Adjacent Municipal Environment Terms,"Related solid-waste, drainage, and municipal-environment terms that may overlap with water/sanitation advisory work.",solid waste management
Solid Waste and Adjacent Municipal Environment Terms,"Related solid-waste, drainage, and municipal-environment terms that may overlap with water/sanitation advisory work.",integrated waste management plan
Solid Waste and Adjacent Municipal Environment Terms,"Related solid-waste, drainage, and municipal-environment terms that may overlap with water/sanitation advisory work.",IWMP
Solid Waste and Adjacent Municipal Environment Terms,"Related solid-waste, drainage, and municipal-environment terms that may overlap with water/sanitation advisory work.",landfill
Solid Waste and Adjacent Municipal Environment Terms,"Related solid-waste, drainage, and municipal-environment terms that may overlap with water/sanitation advisory work.",landfill feasibility
Solid Waste and Adjacent Municipal Environment Terms,"Related solid-waste, drainage, and municipal-environment terms that may overlap with water/sanitation advisory work.",landfill design
Solid Waste and Adjacent Municipal Environment Terms,"Related solid-waste, drainage, and municipal-environment terms that may overlap with water/sanitation advisory work.",landfill closure
Solid Waste and Adjacent Municipal Environment Terms,"Related solid-waste, drainage, and municipal-environment terms that may overlap with water/sanitation advisory work.",leachate
Solid Waste and Adjacent Municipal Environment Terms,"Related solid-waste, drainage, and municipal-environment terms that may overlap with water/sanitation advisory work.",refuse
Solid Waste and Adjacent Municipal Environment Terms,"Related solid-waste, drainage, and municipal-environment terms that may overlap with water/sanitation advisory work.",dumping site
Solid Waste and Adjacent Municipal Environment Terms,"Related solid-waste, drainage, and municipal-environment terms that may overlap with water/sanitation advisory work.",transfer station
Solid Waste and Adjacent Municipal Environment Terms,"Related solid-waste, drainage, and municipal-environment terms that may overlap with water/sanitation advisory work.",material recovery
Solid Waste and Adjacent Municipal Environment Terms,"Related solid-waste, drainage, and municipal-environment terms that may overlap with water/sanitation advisory work.",recycling
Solid Waste and Adjacent Municipal Environment Terms,"Related solid-waste, drainage, and municipal-environment terms that may overlap with water/sanitation advisory work.",composting
Solid Waste and Adjacent Municipal Environment Terms,"Related solid-waste, drainage, and municipal-environment terms that may overlap with water/sanitation advisory work.",organic waste
Solid Waste and Adjacent Municipal Environment Terms,"Related solid-waste, drainage, and municipal-environment terms that may overlap with water/sanitation advisory work.",drainage
Solid Waste and Adjacent Municipal Environment Terms,"Related solid-waste, drainage, and municipal-environment terms that may overlap with water/sanitation advisory work.",stormwater
Solid Waste and Adjacent Municipal Environment Terms,"Related solid-waste, drainage, and municipal-environment terms that may overlap with water/sanitation advisory work.",urban sanitation
Solid Waste and Adjacent Municipal Environment Terms,"Related solid-waste, drainage, and municipal-environment terms that may overlap with water/sanitation advisory work.",municipal environmental services
Solid Waste and Adjacent Municipal Environment Terms,"Related solid-waste, drainage, and municipal-environment terms that may overlap with water/sanitation advisory work.",pollution prevention
Solid Waste and Adjacent Municipal Environment Terms,"Related solid-waste, drainage, and municipal-environment terms that may overlap with water/sanitation advisory work.",circular economy
Solid Waste and Adjacent Municipal Environment Terms,"Related solid-waste, drainage, and municipal-environment terms that may overlap with water/sanitation advisory work.",resource recovery
Procurement and Tender Format Terms,Procurement-format language that often appears instead of technical scope terms.,tender
Procurement and Tender Format Terms,Procurement-format language that often appears instead of technical scope terms.,bid
Procurement and Tender Format Terms,Procurement-format language that often appears instead of technical scope terms.,opportunity
Procurement and Tender Format Terms,Procurement-format language that often appears instead of technical scope terms.,procurement notice
Procurement and Tender Format Terms,Procurement-format language that often appears instead of technical scope terms.,request for proposal
Procurement and Tender Format Terms,Procurement-format language that often appears instead of technical scope terms.,RFP
Procurement and Tender Format Terms,Procurement-format language that often appears instead of technical scope terms.,request for quotation
Procurement and Tender Format Terms,Procurement-format language that often appears instead of technical scope terms.,RFQ
Procurement and Tender Format Terms,Procurement-format language that often appears instead of technical scope terms.,request for expressions of interest
Procurement and Tender Format Terms,Procurement-format language that often appears instead of technical scope terms.,REOI
Procurement and Tender Format Terms,Procurement-format language that often appears instead of technical scope terms.,expression of interest
Procurement and Tender Format Terms,Procurement-format language that often appears instead of technical scope terms.,EOI
Procurement and Tender Format Terms,Procurement-format language that often appears instead of technical scope terms.,framework agreement
Procurement and Tender Format Terms,Procurement-format language that often appears instead of technical scope terms.,panel of consultants
Procurement and Tender Format Terms,Procurement-format language that often appears instead of technical scope terms.,panel of service providers
Procurement and Tender Format Terms,Procurement-format language that often appears instead of technical scope terms.,term contract
Procurement and Tender Format Terms,Procurement-format language that often appears instead of technical scope terms.,long-term arrangement
Procurement and Tender Format Terms,Procurement-format language that often appears instead of technical scope terms.,long term arrangement
Procurement and Tender Format Terms,Procurement-format language that often appears instead of technical scope terms.,LTA
Procurement and Tender Format Terms,Procurement-format language that often appears instead of technical scope terms.,quality and cost based selection
Procurement and Tender Format Terms,Procurement-format language that often appears instead of technical scope terms.,QCBS
Procurement and Tender Format Terms,Procurement-format language that often appears instead of technical scope terms.,individual consultant
Procurement and Tender Format Terms,Procurement-format language that often appears instead of technical scope terms.,institutional consultancy
Procurement and Tender Format Terms,Procurement-format language that often appears instead of technical scope terms.,professional consultancy
Procurement and Tender Format Terms,Procurement-format language that often appears instead of technical scope terms.,TOR
Procurement and Tender Format Terms,Procurement-format language that often appears instead of technical scope terms.,terms of reference
High-Value Exact Phrases,High-yield exact phrase searches for portals that support quotation marks.,"""water services master plan"""
High-Value Exact Phrases,High-yield exact phrase searches for portals that support quotation marks.,"""water services development plan"""
High-Value Exact Phrases,High-yield exact phrase searches for portals that support quotation marks.,"""water and sewer master plan"""
High-Value Exact Phrases,High-yield exact phrase searches for portals that support quotation marks.,"""management plan to reduce non-revenue water"""
High-Value Exact Phrases,High-yield exact phrase searches for portals that support quotation marks.,"""professional services provider"""
High-Value Exact Phrases,High-yield exact phrase searches for portals that support quotation marks.,"""consultancy services"""
High-Value Exact Phrases,High-yield exact phrase searches for portals that support quotation marks.,"""technical assistance"""
High-Value Exact Phrases,High-yield exact phrase searches for portals that support quotation marks.,"""feasibility study and detailed design"""
High-Value Exact Phrases,High-yield exact phrase searches for portals that support quotation marks.,"""design review and preparation of tender documents"""
High-Value Exact Phrases,High-yield exact phrase searches for portals that support quotation marks.,"""construction supervision"""
High-Value Exact Phrases,High-yield exact phrase searches for portals that support quotation marks.,"""stakeholder engagement"""
High-Value Exact Phrases,High-yield exact phrase searches for portals that support quotation marks.,"""sanitation and hygiene promotion"""
High-Value Exact Phrases,High-yield exact phrase searches for portals that support quotation marks.,"""baseline assessment"""
High-Value Exact Phrases,High-yield exact phrase searches for portals that support quotation marks.,"""capacity building"""
High-Value Exact Phrases,High-yield exact phrase searches for portals that support quotation marks.,"""environmental and social audit"""
High-Value Exact Phrases,High-yield exact phrase searches for portals that support quotation marks.,"""water use licence application"""
High-Value Exact Phrases,High-yield exact phrase searches for portals that support quotation marks.,"""water use license application"""
High-Value Exact Phrases,High-yield exact phrase searches for portals that support quotation marks.,"""wastewater treatment plant"""
High-Value Exact Phrases,High-yield exact phrase searches for portals that support quotation marks.,"""integrated waste management plan"""
High-Value Exact Phrases,High-yield exact phrase searches for portals that support quotation marks.,"""community outreach and stakeholder engagement"""
Acronyms and Short Forms,Short search terms for portals with tight character limits or acronym-heavy notices.,WASH
Acronyms and Short Forms,Short search terms for portals with tight character limits or acronym-heavy notices.,WSMP
Acronyms and Short Forms,Short search terms for portals with tight character limits or acronym-heavy notices.,WSDP
Acronyms and Short Forms,Short search terms for portals with tight character limits or acronym-heavy notices.,NRW
Acronyms and Short Forms,Short search terms for portals with tight character limits or acronym-heavy notices.,WWTW
Acronyms and Short Forms,Short search terms for portals with tight character limits or acronym-heavy notices.,WWTP
Acronyms and Short Forms,Short search terms for portals with tight character limits or acronym-heavy notices.,WULA
Acronyms and Short Forms,Short search terms for portals with tight character limits or acronym-heavy notices.,IWRM
Acronyms and Short Forms,Short search terms for portals with tight character limits or acronym-heavy notices.,EIA
Acronyms and Short Forms,Short search terms for portals with tight character limits or acronym-heavy notices.,ESIA
Acronyms and Short Forms,Short search terms for portals with tight character limits or acronym-heavy notices.,RAP
Acronyms and Short Forms,Short search terms for portals with tight character limits or acronym-heavy notices.,BoQ
Acronyms and Short Forms,Short search terms for portals with tight character limits or acronym-heavy notices.,O&M
Acronyms and Short Forms,Short search terms for portals with tight character limits or acronym-heavy notices.,PMU
Acronyms and Short Forms,Short search terms for portals with tight character limits or acronym-heavy notices.,QCBS
Acronyms and Short Forms,Short search terms for portals with tight character limits or acronym-heavy notices.,EOI
Acronyms and Short Forms,Short search terms for portals with tight character limits or acronym-heavy notices.,REOI
Acronyms and Short Forms,Short search terms for portals with tight character limits or acronym-heavy notices.,RFP
Acronyms and Short Forms,Short search terms for portals with tight character limits or acronym-heavy notices.,RFQ
Acronyms and Short Forms,Short search terms for portals with tight character limits or acronym-heavy notices.,IWMP
Acronyms and Short Forms,Short search terms for portals with tight character limits or acronym-heavy notices.,DMA
Acronyms and Short Forms,Short search terms for portals with tight character limits or acronym-heavy notices.,SCADA
Acronyms and Short Forms,Short search terms for portals with tight character limits or acronym-heavy notices.,GIS
Acronyms and Short Forms,Short search terms for portals with tight character limits or acronym-heavy notices.,CAD
Acronyms and Short Forms,Short search terms for portals with tight character limits or acronym-heavy notices.,FSM
Acronyms and Short Forms,Short search terms for portals with tight character limits or acronym-heavy notices.,PSP
Acronyms and Short Forms,Short search terms for portals with tight character limits or acronym-heavy notices.,TA
Acronyms and Short Forms,Short search terms for portals with tight character limits or acronym-heavy notices.,M&E
Ready-Made Search Strings,Boolean-style search strings you can paste directly into portal search bars or saved alerts.,water AND consultancy
Ready-Made Search Strings,Boolean-style search strings you can paste directly into portal search bars or saved alerts.,sanitation AND consultancy
Ready-Made Search Strings,Boolean-style search strings you can paste directly into portal search bars or saved alerts.,wastewater AND consultancy
Ready-Made Search Strings,Boolean-style search strings you can paste directly into portal search bars or saved alerts.,"water AND ""professional services"""
Ready-Made Search Strings,Boolean-style search strings you can paste directly into portal search bars or saved alerts.,"sanitation AND ""professional services"""
Ready-Made Search Strings,Boolean-style search strings you can paste directly into portal search bars or saved alerts.,"wastewater AND ""professional services"""
Ready-Made Search Strings,Boolean-style search strings you can paste directly into portal search bars or saved alerts.,"""water and sanitation"" AND ""technical assistance"""
Ready-Made Search Strings,Boolean-style search strings you can paste directly into portal search bars or saved alerts.,WASH AND consultancy
Ready-Made Search Strings,Boolean-style search strings you can paste directly into portal search bars or saved alerts.,"""water services master plan"""
Ready-Made Search Strings,Boolean-style search strings you can paste directly into portal search bars or saved alerts.,"""water services development plan"""
Ready-Made Search Strings,Boolean-style search strings you can paste directly into portal search bars or saved alerts.,"""water and sewer master plan"""
Ready-Made Search Strings,Boolean-style search strings you can paste directly into portal search bars or saved alerts.,"""non-revenue water"""
Ready-Made Search Strings,Boolean-style search strings you can paste directly into portal search bars or saved alerts.,NRW AND water
Ready-Made Search Strings,Boolean-style search strings you can paste directly into portal search bars or saved alerts.,"""asset management"" AND water"
Ready-Made Search Strings,Boolean-style search strings you can paste directly into portal search bars or saved alerts.,"""feasibility study"" AND ""water supply"""
Ready-Made Search Strings,Boolean-style search strings you can paste directly into portal search bars or saved alerts.,"""detailed design"" AND wastewater"
Ready-Made Search Strings,Boolean-style search strings you can paste directly into portal search bars or saved alerts.,"""construction supervision"" AND water"
Ready-Made Search Strings,Boolean-style search strings you can paste directly into portal search bars or saved alerts.,"""stakeholder engagement"" AND sanitation"
Ready-Made Search Strings,Boolean-style search strings you can paste directly into portal search bars or saved alerts.,"""community mobilisation"" AND WASH"
Ready-Made Search Strings,Boolean-style search strings you can paste directly into portal search bars or saved alerts.,"""community mobilization"" AND WASH"
Ready-Made Search Strings,Boolean-style search strings you can paste directly into portal search bars or saved alerts.,"""hygiene promotion"" AND consultancy"
Ready-Made Search Strings,Boolean-style search strings you can paste directly into portal search bars or saved alerts.,"""capacity building"" AND water"
Ready-Made Search Strings,Boolean-style search strings you can paste directly into portal search bars or saved alerts.,ESIA AND water
Ready-Made Search Strings,Boolean-style search strings you can paste directly into portal search bars or saved alerts.,EIA AND sanitation
Ready-Made Search Strings,Boolean-style search strings you can paste directly into portal search bars or saved alerts.,"""water use licence"""
Ready-Made Search Strings,Boolean-style search strings you can paste directly into portal search bars or saved alerts.,"""water use license"""
Ready-Made Search Strings,Boolean-style search strings you can paste directly into portal search bars or saved alerts.,"""environmental and social audit"" AND water"
Ready-Made Search Strings,Boolean-style search strings you can paste directly into portal search bars or saved alerts.,"""pollution survey"" AND water"
Ready-Made Search Strings,Boolean-style search strings you can paste directly into portal search bars or saved alerts.,"""integrated waste management plan"""
Ready-Made Search Strings,Boolean-style search strings you can paste directly into portal search bars or saved alerts.,"""solid waste management"" AND consultancy"
Ready-Made Search Strings,Boolean-style search strings you can paste directly into portal search bars or saved alerts.,"drainage AND ""solid waste management"""
Best Smaller Saved Groups - Broad Water Advisory Bundle,Small saved search bundle for broad water advisory opportunities.,water
Best Smaller Saved Groups - Broad Water Advisory Bundle,Small saved search bundle for broad water advisory opportunities.,sanitation
Best Smaller Saved Groups - Broad Water Advisory Bundle,Small saved search bundle for broad water advisory opportunities.,wastewater
Best Smaller Saved Groups - Broad Water Advisory Bundle,Small saved search bundle for broad water advisory opportunities.,consultancy
Best Smaller Saved Groups - Broad Water Advisory Bundle,Small saved search bundle for broad water advisory opportunities.,professional services
Best Smaller Saved Groups - Broad Water Advisory Bundle,Small saved search bundle for broad water advisory opportunities.,technical assistance
Best Smaller Saved Groups - Broad Water Advisory Bundle,Small saved search bundle for broad water advisory opportunities.,advisory services
Best Smaller Saved Groups - Broad Water Advisory Bundle,Small saved search bundle for broad water advisory opportunities.,WASH
Best Smaller Saved Groups - Planning Bundle,Small saved search bundle for planning and strategy opportunities.,master plan
Best Smaller Saved Groups - Planning Bundle,Small saved search bundle for planning and strategy opportunities.,WSMP
Best Smaller Saved Groups - Planning Bundle,Small saved search bundle for planning and strategy opportunities.,WSDP
Best Smaller Saved Groups - Planning Bundle,Small saved search bundle for planning and strategy opportunities.,investment plan
Best Smaller Saved Groups - Planning Bundle,Small saved search bundle for planning and strategy opportunities.,asset management plan
Best Smaller Saved Groups - Planning Bundle,Small saved search bundle for planning and strategy opportunities.,feasibility study
Best Smaller Saved Groups - Planning Bundle,Small saved search bundle for planning and strategy opportunities.,business case
Best Smaller Saved Groups - Planning Bundle,Small saved search bundle for planning and strategy opportunities.,project pipeline
Best Smaller Saved Groups - Wastewater Bundle,Small saved search bundle for wastewater and sewerage opportunities.,wastewater
Best Smaller Saved Groups - Wastewater Bundle,Small saved search bundle for wastewater and sewerage opportunities.,WWTW
Best Smaller Saved Groups - Wastewater Bundle,Small saved search bundle for wastewater and sewerage opportunities.,WWTP
Best Smaller Saved Groups - Wastewater Bundle,Small saved search bundle for wastewater and sewerage opportunities.,sewer
Best Smaller Saved Groups - Wastewater Bundle,Small saved search bundle for wastewater and sewerage opportunities.,sewerage
Best Smaller Saved Groups - Wastewater Bundle,Small saved search bundle for wastewater and sewerage opportunities.,effluent
Best Smaller Saved Groups - Wastewater Bundle,Small saved search bundle for wastewater and sewerage opportunities.,sludge
Best Smaller Saved Groups - Wastewater Bundle,Small saved search bundle for wastewater and sewerage opportunities.,sewage treatment plant
Best Smaller Saved Groups - Compliance Bundle,Small saved search bundle for compliance and safeguards opportunities.,EIA
Best Smaller Saved Groups - Compliance Bundle,Small saved search bundle for compliance and safeguards opportunities.,ESIA
Best Smaller Saved Groups - Compliance Bundle,Small saved search bundle for compliance and safeguards opportunities.,WULA
Best Smaller Saved Groups - Compliance Bundle,Small saved search bundle for compliance and safeguards opportunities.,environmental audit
Best Smaller Saved Groups - Compliance Bundle,Small saved search bundle for compliance and safeguards opportunities.,social audit
Best Smaller Saved Groups - Compliance Bundle,Small saved search bundle for compliance and safeguards opportunities.,water use licence
Best Smaller Saved Groups - Compliance Bundle,Small saved search bundle for compliance and safeguards opportunities.,water use license
Best Smaller Saved Groups - Compliance Bundle,Small saved search bundle for compliance and safeguards opportunities.,compliance audit
Best Smaller Saved Groups - Community and WASH Bundle,Small saved search bundle for community and WASH programme opportunities.,stakeholder engagement
Best Smaller Saved Groups - Community and WASH Bundle,Small saved search bundle for community and WASH programme opportunities.,community mobilisation
Best Smaller Saved Groups - Community and WASH Bundle,Small saved search bundle for community and WASH programme opportunities.,community mobilization
Best Smaller Saved Groups - Community and WASH Bundle,Small saved search bundle for community and WASH programme opportunities.,hygiene promotion
Best Smaller Saved Groups - Community and WASH Bundle,Small saved search bundle for community and WASH programme opportunities.,baseline assessment
Best Smaller Saved Groups - Community and WASH Bundle,Small saved search bundle for community and WASH programme opportunities.,capacity building
Best Smaller Saved Groups - Community and WASH Bundle,Small saved search bundle for community and WASH programme opportunities.,monitoring and evaluation
Best Smaller Saved Groups - Community and WASH Bundle,Small saved search bundle for community and WASH programme opportunities.,WASH programme
